"","day_local","day_nonlocal","ON_Backcountry","ON_LodgeIn","ON_LodgeOut","ON_CampIn","ON_CampOut","ON_Other","All_Visitors"
"Recreation_Visits",288803.760309278,625741.480670103,128357.226804124,395768.115979381,1775608.30412371,401116.333762887,363678.80927835,171142.969072165,4150217
"Party_Trips",36715.45,120399.73,29429.61,54483.5,198680.58,85117.52,33881.65,19325.96,578034
"Total.Days_ATTR",36715.45,90299.7975,NA,NA,NA,NA,NA,NA,127015.25
"Total.Nights_ATTR",NA,NA,119189.9205,172712.695,562266.0414,271524.8888,115197.61,103007.3668,1343898.52
