"","day_local","day_nonlocal","ON_LodgeIn","ON_LodgeOut","ON_CampIn","ON_CampOut","ON_Other","All_Visitors"
"Recreation_Visits",1421289.60388821,569071.032806804,33311.47509113,163781.419198056,5551.91251518833,38863.3876063183,52743.1688942892,2284612
"Party_Trips",521899.76,218068.3,17970.26,44982.54,1586.26,15247.72,20097.23,839852.07
"Total.Days_ATTR",521899.76,176635.323,NA,NA,NA,NA,NA,698535.08
"Total.Nights_ATTR",NA,NA,37018.7356,66574.1592,1332.4584,37814.3456,44816.8229,187556.52
