"","day_local","day_nonlocal","ON_Other","ON_Lodge","ON_Camp","All_Visitors"
"Recreation_Visits",1421289.60388821,569071.032806804,52743.1688942892,197092.894289186,44415.3001215067,2284612
"Party_Trips",521899.76,218068.3,20097.23,57837.51,16342.37,834245.17
"Total.Days_ATTR",521899.76,176635.323,NA,NA,NA,698535.08
"Total.Nights_ATTR",NA,NA,44816.8229,91383.2658,37097.1799,173297.27
